{
    "1":"http://bit.ly/2HolcfA",
    "2":"http://bit.ly/2P9DFmj",
    "3":"http://bit.ly/2P9DFmj",
    "4":"http://bit.ly/2ZhDNVG",
    "5":"http://bit.ly/30xPnZv",
    "6":"http://bit.ly/30A6VUF",
    "7":"http://bit.ly/30A6VUF",
    "8":"http://bit.ly/2Zg9tLh",
    "9":"http://bit.ly/2Zj7MMO",
    "10":"http://bit.ly/2znWSX0",
    "11":"http://bit.ly/2KV6XRx",
    "12":"http://bit.ly/2KV6XRx",
    "13":"http://bit.ly/2ZoV8Y1",
    "14":"http://bit.ly/2PdSqEX",
    "15":"http://bit.ly/2PdSqEX",
    "16":"http://bit.ly/2PdSqEX",
    "17":"http://bit.ly/2PdSqEX",
    "18":"http://bit.ly/2PdSqEX",
    "19":"http://bit.ly/2MvtF4R",
    "20":"http://bit.ly/2L1Nnlt",
    "21":"http://bit.ly/323P0pX",
    "22":"http://bit.ly/2Pbs0DF",
    "23":"http://bit.ly/30t8Z0L",
    "24":"http://bit.ly/2L3frVQ",
    "25":"http://bit.ly/2MvZfQ9",
    "26":"http://bit.ly/30tC7oC",
    "27":"http://bit.ly/2MALlvY",
    "28":"http://bit.ly/31ZrB8V",
    "29":"http://bit.ly/2zgEzmn",
    "30":"http://bit.ly/2MvZfQ9",
    "31":"http://bit.ly/2ZrHffw",
    "32":"http://bit.ly/2Zm3f7N",
    "default":"https://docs.google.com/forms/d/e/1FAIpQLSeAVX_b3vgycCaYQwdCGD0geCUkE5d-0l2D8SkhLYAPkpKh0Q/viewform"
}
